{"cameraMode":{"drawMode":0,"name":"Shaded","section":"Shading Mode"},"sceneLighting":true,"audioPlay":false,"sceneViewState":{"m_AlwaysRefresh":false,"showFog":true,"showSkybox":true,"showFlares":true,"showImageEffects":true,"showParticleSystems":true,"showVisualEffectGraphs":true,"m_FxEnabled":true},"in2DMode":false,"pivot":{"x":1.8777167797088624,"y":2.0004138946533205,"z":3.512605667114258},"rotation":{"x":-0.030884914100170137,"y":0.8629365563392639,"z":-0.5015604496002197,"w":-0.05313761904835701},"size":1.7890081405639649,"orthographic":false}