{"cameraMode":{"drawMode":0,"name":"Shaded","section":"Shading Mode"},"sceneLighting":true,"audioPlay":false,"sceneViewState":{"m_AlwaysRefresh":false,"showFog":true,"showSkybox":true,"showFlares":true,"showImageEffects":true,"showParticleSystems":true,"showVisualEffectGraphs":true,"m_FxEnabled":true},"in2DMode":false,"pivot":{"x":1.7805256843566895,"y":2.3794069290161135,"z":2.896576166152954},"rotation":{"x":-0.030073273926973344,"y":0.8767967820167542,"z":-0.476721853017807,"w":-0.055311400443315509},"size":6.399997711181641,"orthographic":false}